{"cameraMode":{"drawMode":0,"name":"Shaded","section":"Shading Mode"},"sceneLighting":false,"audioPlay":false,"sceneViewState":{"m_AlwaysRefresh":false,"showFog":true,"showSkybox":false,"showFlares":true,"showImageEffects":true,"showParticleSystems":true,"showVisualEffectGraphs":true,"m_FxEnabled":false},"in2DMode":false,"pivot":{"x":0.12360721826553345,"y":0.024574697017669679,"z":-0.006864786148071289},"rotation":{"x":-0.2956264913082123,"y":0.20870520174503327,"z":-0.06635774672031403,"w":-0.9298958778381348},"size":1.2913322448730469,"orthographic":false}