{"cameraMode":{"drawMode":0,"name":"Shaded","section":"Shading Mode"},"sceneLighting":false,"audioPlay":false,"sceneViewState":{"m_AlwaysRefresh":false,"showFog":true,"showSkybox":false,"showFlares":true,"showImageEffects":true,"showParticleSystems":true,"showVisualEffectGraphs":true,"m_FxEnabled":false},"in2DMode":false,"pivot":{"x":-0.5171034336090088,"y":-0.5121029615402222,"z":-0.31227678060531618},"rotation":{"x":-0.2956264913082123,"y":0.20870520174503327,"z":-0.06635774672031403,"w":-0.9298958778381348},"size":1.5000174045562745,"orthographic":false}