{"cameraMode":{"drawMode":0,"name":"Shaded","section":"Shading Mode"},"sceneLighting":false,"audioPlay":false,"sceneViewState":{"m_AlwaysRefresh":false,"showFog":true,"showSkybox":false,"showFlares":true,"showImageEffects":true,"showParticleSystems":true,"showVisualEffectGraphs":true,"m_FxEnabled":false},"in2DMode":false,"pivot":{"x":0.7565718293190002,"y":0.8212440609931946,"z":1.8048142194747925},"rotation":{"x":0.09734451770782471,"y":-0.862247884273529,"z":0.1813572347164154,"w":0.46280181407928469},"size":1.2247449159622193,"orthographic":false}