{"cameraMode":{"drawMode":0,"name":"Shaded","section":"Shading Mode"},"sceneLighting":false,"audioPlay":false,"sceneViewState":{"m_AlwaysRefresh":false,"showFog":true,"showSkybox":false,"showFlares":true,"showImageEffects":true,"showParticleSystems":true,"showVisualEffectGraphs":true,"m_FxEnabled":false},"in2DMode":false,"pivot":{"x":1.2535864114761353,"y":0.6780512928962708,"z":0.3358427584171295},"rotation":{"x":-0.08546556532382965,"y":0.8429823517799377,"z":-0.1406312882900238,"w":-0.5122211575508118},"size":0.13077646493911744,"orthographic":false}