{"cameraMode":{"drawMode":0,"name":"Shaded","section":"Shading Mode"},"sceneLighting":true,"audioPlay":false,"sceneViewState":{"m_AlwaysRefresh":false,"showFog":true,"showSkybox":true,"showFlares":true,"showImageEffects":true,"showParticleSystems":true,"showVisualEffectGraphs":true,"m_FxEnabled":true},"in2DMode":false,"pivot":{"x":263.8253479003906,"y":161.78504943847657,"z":748.7645874023438},"rotation":{"x":-0.007548986934125423,"y":0.9924521446228027,"z":0.08625219762325287,"w":0.08686308562755585},"size":8.237198829650879,"orthographic":false}